<?xml version="1.0" encoding="UTF-8"?>
<beans xmlns="http://www.springframework.org/schema/beans"
	xmlns:xsi="http://www.w3.org/2001/XMLSchema-instance"
	xmlns:security="http://www.springframework.org/schema/security"
	xsi:schemaLocation="http://www.springframework.org/schema/security http://www.springframework.org/schema/security/spring-security-5.4.xsd
		http://www.springframework.org/schema/beans http://www.springframework.org/schema/beans/spring-beans.xsd">
	
	<!-- 사용자 password 암호화 처리 빈: BCrypt 방식 암호화 -->
	<bean id="bCryptPasswordEncoder" class="org.springframework.security.crypto.bcrypt.BCryptPasswordEncoder"/>
	
	<!-- 승인/인증을 위해 필요한 데이터를 가져오는 빈(UserDetailsService 타입의 빈) -->
	<bean id="myMemberUserDetailsServiceImpl" class="com.spring5.mypro00.common.security.MyMemberUserDetailsServiceImpl"/>
	
	<security:http>
		<!-- <security:csrf /> -->
		
		<security:intercept-url pattern="/" access="permitAll"/>
		<security:intercept-url pattern="/myboard/list" access="hasAnyAuthority('ROLE_USER','ROLE_MEMBER','ROLE_MANAGER')"/>
		<security:intercept-url pattern="/myboard/register" method="GET" access="isAuthenticated()"/>
		<security:intercept-url pattern="/myboard/register" method="POST" access="isAuthenticated()"/>
		
		<security:form-login login-page="/login"/>
		<security:logout/>
	</security:http>
	
	<security:authentication-manager>
		<security:authentication-provider user-service-ref="myMemberUserDetailsServiceImpl">
			<security:password-encoder ref="bCryptPasswordEncoder"/>
		
		</security:authentication-provider>
	</security:authentication-manager>
	
	
</beans>
